Name,Team,POS,Salary,Tenure,Years
A.J. Minter,Atlanta Braves,RP,575000,1,(2019)
A.J. Pollock,LA Dodgers,CF,5250000,4,(2019-22)
Aaron Altherr,Philadelphia Phillies,RF,1350000,1,(2019)
Aaron Brooks,Oakland Athletics,SP,560000,1,(2019)
Aaron Hicks,NY Yankees,CF,6428571,7,(2019-25)
Aaron Judge,NY Yankees,RF,684300,1,(2019)
Aaron Loup,San Diego Padres,RP,1400000,1,(2019)
Aaron Nola,Philadelphia Phillies,SP,5562500,4,(2019-22)
Aaron Sanchez,Toronto Blue Jays,SP,3900000,1,(2019)
Adalberto Mejia,Minnesota Twins,RP,560000,1,(2019)
Adalberto Mondesi,Kansas City Royals,SS,576000,1,(2019)
Adam Cimber,Cleveland Indians,RP,563800,1,(2019)
Adam Conley,Miami Marlins,RP,1125000,1,(2019)
Adam Eaton,Washington Nationals,RF,8700000,5,(2015-19)
Adam Engel,Chicago White Sox,CF,571000,1,(2019)
Adam Frazier,Pittsburgh Pirates,2B,584000,1,(2019)
Adam Jones,Arizona Diamondbacks,OF,3000000,1,(2019)
Adam Kolarek,Tampa Bay Rays,RP,560800,1,(2019)
Adam Morgan,Philadelphia Phillies,RP,1100000,1,(2019)
Adam Ottavino,NY Yankees,RP,9000000,3,(2019-21)
Adam Wainwright,St. Louis Cardinals,SP,2000000,1,(2019)
Adam Warren,San Diego Padres,RP,2500000,1,(2019)
Addison Reed,Minnesota Twins,RP,8500000,2,(2018-19)
Addison Russell,Chicago Cubs,SS,3400000,1,(2019)
Albert Almora Jr.,Chicago Cubs,OF,615500,1,(2019)
Albert Pujols,LA Angels,DH,28000000,10,(2012-21)
Aledmys Diaz,Houston Astros,SS,2000000,1,(2019)
Alex Avila,Arizona Diamondbacks,C,4250000,2,(2018-19)
Alex Blandino,Cincinnati Reds,3B,557500,1,(2019)
Alex Bregman,Houston Astros,3B,640500,1,(2019)
Alex Claudio,Milwaukee Brewers,RP,1275000,1,(2019)
Alex Cobb,Baltimore Orioles,SP,14000000,4,(2018-21)
Alex Colome,Chicago White Sox,RP,7325000,1,(2019)
Alex Gordon,Kansas City Royals,LF,21000000,4,(2016-19)
Alex Reyes,St. Louis Cardinals,SP,564600,1,(2019)
Alex Verdugo,LA Dodgers,OF,560000,1,(2019)
Alex Wilson,Milwaukee Brewers,RP,750000,1,(2019)
Alex Wood,Cincinnati Reds,SP,9650000,1,(2019)
Amed Rosario,NY Mets,SS,575500,1,(2019)
Amir Garrett,Cincinnati Reds,RP,567500,1,(2019)
Andrelton Simmons,LA Angels,SS,13000000,7,(2014-20)
Andrew Benintendi,Boston Red Sox,LF,717500,1,(2019)
Andrew Cashner,Baltimore Orioles,SP,9500000,2,(2018-19)
Andrew Chafin,Arizona Diamondbacks,RP,1945000,1,(2019)
Andrew Heaney,LA Angels,SP,3400000,1,(2019)
Andrew Knapp,Philadelphia Phillies,C,565000,1,(2019)
Andrew McCutchen,Philadelphia Phillies,LF,11000000,3,(2019-21)
Andrew Miller,St. Louis Cardinals,RP,12250000,2,(2019-20)
Andrew Stevenson,Washington Nationals,OF,559100,1,(2019)
Anibal Sanchez,Washington Nationals,SP,9000000,2,(2019-20)
Anthony Banda,Tampa Bay Rays,SP,556800,1,(2019)
Anthony DeSclafani,Cincinnati Reds,SP,2125000,1,(2019)
Anthony Rendon,Washington Nationals,3B,18800000,1,(2019)
Anthony Rizzo,Chicago Cubs,1B,12285714,7,(2013-19)
Anthony Swarzak,Seattle Mariners,RP,8500000,2,(2018-19)
Antonio Senzatela,Colorado Rockies,SP,560000,1,(2019)
Archie Bradley,Arizona Diamondbacks,RP,1830000,1,(2019)
Arodys Vizcaino,Atlanta Braves,RP,4800000,1,(2019)
Aroldis Chapman,NY Yankees,RP,17200000,5,(2017-21)
Asdrubal Cabrera,Texas Rangers,3B,3500000,1,(2019)
Austin Barnes,LA Dodgers,C,575000,1,(2019)
Austin Brice,Miami Marlins,RP,555000,1,(2019)
Austin Hedges,San Diego Padres,C,2060000,1,(2019)
Austin Meadows,Tampa Bay Rays,RF,557400,1,(2019)
Austin Romine,NY Yankees,C,1800000,1,(2019)
Austin Wynns,Baltimore Orioles,C,558000,1,(2019)
Avisail Garcia,Tampa Bay Rays,RF,3500000,1,(2019)
Ben Gamel,Milwaukee Brewers,OF,567700,1,(2019)
Ben Heller,NY Yankees,RP,555000,1,(2019)
Ben Zobrist,Chicago Cubs,2B,12500000,4,(2016-19)
Billy Hamilton,Kansas City Royals,CF,5250000,1,(2019)
Billy McKinney,Toronto Blue Jays,OF,559400,1,(2019)
Blaine Hardy,Detroit Tigers,RP,1300000,1,(2019)
Blake Parker,Minnesota Twins,RP,1800000,1,(2019)
Blake Snell,Tampa Bay Rays,SP,1600000,5,(2019-23)
Blake Swihart,Boston Red Sox,C,910000,1,(2019)
Blake Treinen,Oakland Athletics,RP,6400000,1,(2019)
Bobby Wahl,Milwaukee Brewers,RP,558400,0,(2019)
Brad Boxberger,Kansas City Royals,RP,2200000,1,(2019)
Brad Brach,Chicago Cubs,RP,3000000,1,(2019)
Brad Hand,Cleveland Indians,RP,7416666,3,(2018-20)
Brad Keller,Kansas City Royals,SP,578175,1,(2019)
Brad Miller,Cleveland Indians,2B,1000000,1,(2019)
Brad Peacock,Houston Astros,SP,3110000,1,(2019)
Bradley Zimmer,Cleveland Indians,CF,561200,1,(2019)
Brandon Belt,San Francisco Giants,1B,17200000,5,(2017-21)
Brandon Brennan,Seattle Mariners,RP,575000,1,(2019)
Brandon Crawford,San Francisco Giants,SS,15200000,6,(2016-21)
Brandon Drury,Toronto Blue Jays,3B,1300000,1,(2019)
Brandon Kintzler,Chicago Cubs,RP,5000000,1,(2019)
Brandon Lowe,Tampa Bay Rays,2B,1166666,6,(2019-24)
Brandon Morrow,Chicago Cubs,RP,10500000,2,(2018-19)
Brandon Nimmo,NY Mets,LF,598285,1,(2019)
Brandon Woodruff,Milwaukee Brewers,SP,561400,1,(2019)
Brandon Workman,Boston Red Sox,RP,1150000,1,(2019)
Brent Suter,Milwaukee Brewers,SP,568300,1,(2019)
Brett Anderson,Oakland Athletics,SP,1500000,1,(2019)
Brett Cecil,St. Louis Cardinals,RP,7750000,4,(2017-20)
Brett Gardner,NY Yankees,LF,7500000,1,(2019)
Brett Kennedy,San Diego Padres,SP,556000,1,(2019)
Brian Anderson,Miami Marlins,3B,585000,1,(2019)
Brian Dozier,Washington Nationals,2B,9000000,1,(2019)
Brian Flynn,Kansas City Royals,RP,800000,1,(2019)
Brian Goodwin,LA Angels,LF,583500,1,(2019)
Brian Johnson,Boston Red Sox,RP,575000,1,(2019)
Brian McCann,Atlanta Braves,C,2000000,1,(2019)
Brock Holt,Boston Red Sox,2B,3575000,1,(2019)
Brock Stewart,LA Dodgers,RP,565000,1,(2019)
Bryan Shaw,Colorado Rockies,RP,9166666,3,(2018-20)
Bryce Harper,Philadelphia Phillies,RF,11538461,13,(2019-31)
Bryse Wilson,Atlanta Braves,SP,565000,1,(2019)
Buck Farmer,Detroit Tigers,RP,570800,1,(2019)
Buster Posey,San Francisco Giants,C,22511111,9,(2013-21)
Byron Buxton,Minnesota Twins,CF,1750000,1,(2019)
C.J. Cron,Minnesota Twins,1B,4800000,1,(2019)
Caleb Ferguson,LA Dodgers,RP,560000,1,(2019)
Caleb Frare,Chicago White Sox,RP,555000,1,(2019)
Caleb Smith,Miami Marlins,SP,556500,1,(2019)
Cam Bedrosian,LA Angels,RP,1750000,1,(2019)
Cam Gallagher,Kansas City Royals,C,557125,1,(2019)
Carl Edwards Jr.,Chicago Cubs,RP,1500000,1,(2019)
Carlos Carrasco,Cleveland Indians,SP,10500000,4,(2019-22)
Carlos Correa,Houston Astros,SS,5000000,1,(2019)
Carlos Martinez,St. Louis Cardinals,SP,11800000,5,(2017-21)
Carlos Rodon,Chicago White Sox,SP,4200000,1,(2019)
Carlos Santana,Cleveland Indians,1B,20500000,3,(2018-20)
Carson Kelly,Arizona Diamondbacks,C,560000,1,(2019)
CC Sabathia,NY Yankees,SP,8000000,1,(2019)
Cedric Mullins,Baltimore Orioles,CF,557500,1,(2019)
Cesar Hernandez,Philadelphia Phillies,2B,7750000,1,(2019)
Chad Bettis,Colorado Rockies,SP,3325000,1,(2019)
Chad Green,NY Yankees,RP,598650,1,(2019)
Chad Kuhl,Pittsburgh Pirates,SP,578000,1,(2019)
Chad Pinder,Oakland Athletics,1B,565000,1,(2019)
Chad Sobotka,Atlanta Braves,RP,565000,1,(2019)
Chad Wallach,Miami Marlins,C,555000,1,(2019)
Charlie Blackmon,Colorado Rockies,CF,21516666,6,(2018-23)
Charlie Culberson,Atlanta Braves,SS,1395000,1,(2019)
Charlie Morton,Tampa Bay Rays,SP,15000000,2,(2019-20)
Chase Anderson,Milwaukee Brewers,SP,6750000,2,(2018-19)
Chasen Bradford,Seattle Mariners,RP,562300,1,(2019)
Chaz Roe,Tampa Bay Rays,RP,1275000,1,(2019)
Chris Archer,Pittsburgh Pirates,SP,7758333,6,(2014-19)
Chris Bassitt,Oakland Athletics,RP,565000,1,(2019)
Chris Davis,Baltimore Orioles,1B,21116517,7,(2016-22)
Chris Devenski,Houston Astros,RP,1525000,1,(2019)
Chris Ellis,Kansas City Royals,RP,555000,1,(2019)
Chris Herrmann,Oakland Athletics,C,1000000,1,(2019)
Chris Iannetta,Colorado Rockies,C,4525000,2,(2018-19)
Chris Martin,Texas Rangers,RP,2250000,2,(2018-19)
Chris Owings,Kansas City Royals,SS,3000000,1,(2019)
Chris Paddack,San Diego Padres,SP,555000,1,(2019)
Chris Rusin,Colorado Rockies,RP,1687500,1,(2019)
Chris Sale,Boston Red Sox,SP,15000000,1,(2019)
Chris Stratton,LA Angels,SP,567500,1,(2019)
Chris Taylor,LA Dodgers,2B,3500000,1,(2019)
Christian Vazquez,Boston Red Sox,C,2933333,3,(2019-21)
Christian Walker,Arizona Diamondbacks,1B,559800,1,(2019)
Christian Yelich,Milwaukee Brewers,RF,9928571,7,(2015-21)
Christin Stewart,Detroit Tigers,LF,556400,1,(2019)
Clay Buchholz,Toronto Blue Jays,SP,3000000,1,(2019)
Clayton Kershaw,LA Dodgers,SP,31000000,3,(2019-21)
Clayton Richard,Toronto Blue Jays,SP,3300000,1,(2019)
Cody Allen,LA Angels,RP,8500000,1,(2019)
Cody Bellinger,LA Dodgers,RF,605000,1,(2019)
Cole Hamels,Chicago Cubs,SP,20000000,1,(2019)
Colin Moran,Pittsburgh Pirates,3B,579500,1,(2019)
Collin McHugh,Houston Astros,SP,5800000,1,(2019)
Colten Brewer,Boston Red Sox,RP,557000,1,(2019)
Connor Joe,San Francisco Giants,3B,555000,1,(2019)
Corbin Burnes,Milwaukee Brewers,SP,562800,1,(2019)
Corey Dickerson,Pittsburgh Pirates,LF,8500000,1,(2019)
Corey Kluber,Cleveland Indians,SP,17200000,5,(2015-19)
Corey Knebel,Milwaukee Brewers,RP,5125000,1,(2019)
Corey Seager,LA Dodgers,SS,4000000,1,(2019)
Cory Gearrin,Seattle Mariners,RP,1500000,1,(2019)
Craig Stammen,San Diego Padres,RP,2250000,2,(2018-19)
Curt Casali,Cincinnati Reds,C,950000,1,(2019)
Curtis Granderson,Miami Marlins,LF,1750000,1,(2019)
Dakota Hudson,St. Louis Cardinals,SP,559100,1,(2019)
Dalton Pompey,Toronto Blue Jays,OF,562800,1,(2019)
Dan Otero,Cleveland Indians,RP,1350000,2,(2018-19)
Daniel Descalso,Chicago Cubs,2B,2000000,2,(2019-20)
Daniel Gossett,Oakland Athletics,SP,560000,1,(2019)
Daniel Hudson,Toronto Blue Jays,RP,1500000,1,(2019)
Daniel Murphy,Colorado Rockies,1B,13000000,2,(2019-20)
Daniel Norris,Detroit Tigers,SP,1275000,1,(2019)
Daniel Palka,Chicago White Sox,OF,567000,1,(2019)
Daniel R. Robertson,Tampa Bay Rays,2B,570300,1,(2019)
Daniel Stumpf,Detroit Tigers,RP,566600,1,(2019)
Daniel Vogelbach,Seattle Mariners,1B,558600,1,(2019)
Danny Duffy,Kansas City Royals,SP,15250000,5,(2017-21)
Danny Jansen,Toronto Blue Jays,C,558700,1,(2019)
Danny Salazar,Cleveland Indians,SP,4500000,1,(2019)
Dansby Swanson,Atlanta Braves,SS,585000,1,(2019)
Darren O'''Day,Atlanta Braves,RP,8854712,4,(2016-19)
David Bote,Chicago Cubs,3B,561500,1,(2019)
David Dahl,Colorado Rockies,LF,560000,1,(2019)
David Fletcher,LA Angels,SS,561500,1,(2019)
David Freese,LA Dodgers,3B,4500000,1,(2019)
David Freitas,Seattle Mariners,C,558500,1,(2019)
David Hernandez,Cincinnati Reds,RP,2500000,2,(2018-19)
David Hess,Baltimore Orioles,SP,563500,1,(2019)
David Peralta,Arizona Diamondbacks,LF,7000000,1,(2019)
David Phelps,Toronto Blue Jays,RP,2500000,1,(2019)
David Price,Boston Red Sox,SP,31000000,7,(2016-22)
David Robertson,Philadelphia Phillies,RP,11000000,2,(2019-20)
Dee Gordon,Seattle Mariners,2B,13500000,5,(2016-20)
Delino DeShields,Texas Rangers,CF,1400000,1,(2019)
Dellin Betances,NY Yankees,RP,7250000,1,(2019)
Dereck Rodriguez,San Francisco Giants,SP,561250,1,(2019)
Derek Dietrich,Cincinnati Reds,LF,2000000,1,(2019)
Derek Holland,San Francisco Giants,SP,7000000,1,(2019)
Devon Travis,Toronto Blue Jays,2B,1925000,1,(2019)
Dexter Fowler,St. Louis Cardinals,RF,16500000,5,(2017-21)
Didi Gregorius,NY Yankees,SS,11750000,1,(2019)
Diego Castillo,Tampa Bay Rays,RP,561500,1,(2019)
Dinelson Lamet,San Diego Padres,SP,566700,1,(2019)
DJ Johnson,Colorado Rockies,RP,557000,1,(2019)
DJ LeMahieu,NY Yankees,2B,12000000,2,(2019-20)
Domingo German,NY Yankees,RP,577500,1,(2019)
Domingo Santana,Seattle Mariners,LF,1950000,1,(2019)
Dominic Leone,St. Louis Cardinals,RP,1260000,1,(2019)
Dominic Smith,NY Mets,1B,559320,1,(2019)
Dovydas Neverauskas,Pittsburgh Pirates,RP,569000,1,(2019)
Drew Jackson,Baltimore Orioles,SS,555000,1,(2019)
Drew Pomeranz,San Francisco Giants,SP,1500000,1,(2019)
Drew Robinson,St. Louis Cardinals,3B,564100,1,(2019)
Drew Smith,NY Mets,RP,557500,1,(2019)
Drew Smyly,Texas Rangers,SP,7000000,2,(2018-19)
Drew Steckenrider,Miami Marlins,RP,575000,1,(2019)
Drew VerHagen,Detroit Tigers,RP,567400,1,(2019)
Dustin Pedroia,Boston Red Sox,2B,14521686,8,(2014-21)
Dustin Peterson,Detroit Tigers,OF,555000,1,(2019)
Dwight Smith Jr.,Baltimore Orioles,OF,560100,1,(2019)
Dylan Bundy,Baltimore Orioles,SP,2800000,1,(2019)
Dylan Covey,Chicago White Sox,RP,571000,1,(2019)
Dylan Floro,LA Dodgers,RP,565000,1,(2019)
Dylan Moore,Seattle Mariners,3B,565000,1,(2019)
Eddie Rosario,Minnesota Twins,LF,4190000,1,(2019)
Edgar Santana,Pittsburgh Pirates,RP,581500,1,(2019)
Edinson Volquez,Texas Rangers,SP,2000000,1,(2019)
Eduardo Escobar,Arizona Diamondbacks,3B,6166666,3,(2019-21)
Eduardo Nunez,Boston Red Sox,3B,5000000,1,(2019)
Eduardo Rodriguez,Boston Red Sox,SP,4300000,1,(2019)
Edubray Ramos,Philadelphia Phillies,RP,573500,1,(2019)
Edwin Diaz,NY Mets,RP,607425,1,(2019)
Edwin Encarnacion,Seattle Mariners,1B,23333333,3,(2017-19)
Ehire Adrianza,Minnesota Twins,SS,1300000,1,(2019)
Elias Diaz,Pittsburgh Pirates,C,578500,1,(2019)
Eloy Jimenez,Chicago White Sox,LF,2333333,6,(2019-24)
Elvis Andrus,Texas Rangers,SS,15250000,8,(2015-22)
Elvis Luciano,Toronto Blue Jays,RP,555000,1,(2019)
Ender Inciarte,Atlanta Braves,CF,5700000,5,(2017-21)
Eric Hosmer,San Diego Padres,1B,21625000,8,(2018-25)
Eric Lauer,San Diego Padres,SP,562500,1,(2019)
Eric Skoglund,Kansas City Royals,SP,568175,1,(2019)
Eric Stamets,Cleveland Indians,SS,555000,1,(2019)
Eric Thames,Milwaukee Brewers,1B,6333333,3,(2017-19)
Erik Gonzalez,Pittsburgh Pirates,SS,577000,1,(2019)
Erik Kratz,San Francisco Giants,C,1200000,1,(2019)
Eugenio Suarez,Cincinnati Reds,3B,7285714,7,(2018-24)
Evan Longoria,San Francisco Giants,3B,15500000,6,(2017-22)
Felipe Vazquez,Pittsburgh Pirates,RP,4750000,4,(2018-21)
Felix Hernandez,Seattle Mariners,SP,27857143,7,(2013-19)
Felix Pena,LA Angels,SP,569000,1,(2019)
Fernando Rodney,Oakland Athletics,RP,5250000,1,(2019)
Fernando Tatis Jr.,San Diego Padres,SS,555000,1,(2019)
Framber Valdez,Houston Astros,RP,566600,1,(2019)
Franchy Cordero,San Diego Padres,CF,560100,1,(2019)
Francisco Cervelli,Pittsburgh Pirates,C,11500000,3,(2017-19)
Francisco Lindor,Cleveland Indians,SS,10550000,1,(2019)
Francisco Liriano,Pittsburgh Pirates,RP,1800000,1,(2019)
Francisco Mejia,San Diego Padres,C,556300,1,(2019)
Frank Schwindel,Kansas City Royals,1B,555000,1,(2019)
Frankie Montas,Oakland Athletics,SP,560000,1,(2019)
Franmil Reyes,San Diego Padres,RF,570500,1,(2019)
Freddie Freeman,Atlanta Braves,1B,21359375,8,(2014-21)
Freddy Galvis,Toronto Blue Jays,SS,5000000,1,(2019)
Freddy Peralta,Milwaukee Brewers,SP,564600,1,(2019)
Gabriel Moya,Minnesota Twins,RP,560000,1,(2019)
Garrett Cooper,Miami Marlins,RF,555000,1,(2019)
Garrett Hampson,Colorado Rockies,2B,557000,1,(2019)
Garrett Richards,San Diego Padres,SP,7000000,2,(2019-20)
Gary Sanchez,NY Yankees,C,669800,1,(2019)
George Springer,Houston Astros,CF,12000000,2,(2018-19)
Gerardo Parra,San Francisco Giants,RF,1750000,1,(2019)
German Marquez,Colorado Rockies,SP,565000,1,(2019)
Gerrit Cole,Houston Astros,SP,13500000,1,(2019)
Gerson Bautista,Seattle Mariners,RP,555200,1,(2019)
Giancarlo Stanton,NY Yankees,RF,26000000,13,(2015-27)
Gleyber Torres,NY Yankees,2B,605200,1,(2019)
Gordon Beckham,Detroit Tigers,2B,700000,1,(2019)
Grayson Greiner,Detroit Tigers,C,558600,1,(2019)
Greg Allen,Cleveland Indians,OF,560400,1,(2019)
Greg Bird,NY Yankees,1B,1200000,1,(2019)
Greg Garcia,San Diego Padres,2B,910000,1,(2019)
Greg Holland,Arizona Diamondbacks,RP,3250000,1,(2019)
Gregory Polanco,Pittsburgh Pirates,OF,6700000,5,(2017-21)
Gregory Soto,Detroit Tigers,RP,555000,1,(2019)
Guillermo Heredia,Tampa Bay Rays,OF,782000,1,(2019)
Hanley Ramirez,Cleveland Indians,DH,1000000,1,(2019)
Hansel Robles,LA Angels,RP,1400000,1,(2019)
Hanser Alberto,Baltimore Orioles,3B,578000,1,(2019)
Harrison Bader,St. Louis Cardinals,CF,578300,1,(2019)
Harrison Musgrave,Colorado Rockies,RP,557000,1,(2019)
Heath Hembree,Boston Red Sox,RP,1312500,1,(2019)
Hector Neris,Philadelphia Phillies,RP,1800000,1,(2019)
Hector Rondon,Houston Astros,RP,4500000,2,(2018-19)
Hector Velazquez,Boston Red Sox,RP,568500,1,(2019)
Hernan Perez,Milwaukee Brewers,2B,2500000,1,(2019)
Howie Kendrick,Washington Nationals,OF,4000000,2,(2018-19)
Hunter Dozier,Kansas City Royals,3B,567225,1,(2019)
Hunter Pence,Texas Rangers,LF,2000000,1,(2019)
Hunter Renfroe,San Diego Padres,RF,582100,1,(2019)
Hunter Strickland,Seattle Mariners,RP,1300000,1,(2019)
Hyun-Jin Ryu,LA Dodgers,SP,17900000,1,(2019)
Ian Desmond,Colorado Rockies,CF,15400000,5,(2017-21)
Ian Hamilton,Chicago White Sox,RP,556000,1,(2019)
Ian Kennedy,Kansas City Royals,SP,16500000,5,(2016-20)
Ian Kinsler,San Diego Padres,2B,4000000,2,(2019-20)
Ildemaro Vargas,Arizona Diamondbacks,SS,555000,1,(2019)
Isiah Kiner-Falefa,Texas Rangers,C,569500,1,(2019)
Ivan Nova,Chicago White Sox,SP,9166667,3,(2017-19)
J.A. Happ,NY Yankees,SP,17000000,2,(2019-20)
J.B. Shuck,Pittsburgh Pirates,OF,700000,1,(2019)
J.B. Wendelken,Oakland Athletics,RP,557500,1,(2019)
J.D. Davis,NY Mets,3B,561420,1,(2019)
J.D. Martinez,Boston Red Sox,OF,23750000,5,(2018-22)
J.T. Realmuto,Philadelphia Phillies,C,5900000,1,(2019)
Jace Fry,Chicago White Sox,RP,569000,1,(2019)
Jack Flaherty,St. Louis Cardinals,SP,562100,1,(2019)
Jackie Bradley Jr.,Boston Red Sox,CF,8550000,1,(2019)
Jacob Barnes,Milwaukee Brewers,RP,567600,1,(2019)
Jacob deGrom,NY Mets,SP,9000000,5,(2019-23)
Jacob Nix,San Diego Padres,SP,556800,1,(2019)
Jacob Stallings,Pittsburgh Pirates,C,564000,1,(2019)
Jacoby Ellsbury,NY Yankees,OF,21857142,7,(2014-20)
JaCoby Jones,Detroit Tigers,CF,567100,1,(2019)
Jake Arrieta,Philadelphia Phillies,SP,25000000,3,(2018-20)
Jake Bauers,Cleveland Indians,LF,560400,1,(2019)
Jake Cave,Minnesota Twins,OF,572500,1,(2019)
Jake Diekman,Kansas City Royals,RP,2750000,1,(2019)
Jake Lamb,Arizona Diamondbacks,1B,4825000,1,(2019)
Jake Marisnick,Houston Astros,OF,2212500,1,(2019)
Jake McGee,Colorado Rockies,RP,9166666,3,(2018-20)
Jake Noll,Washington Nationals,2B,555000,1,(2019)
Jake Odorizzi,Minnesota Twins,SP,9500000,1,(2019)
Jakob Junis,Kansas City Royals,SP,578250,1,(2019)
Jalen Beeks,Tampa Bay Rays,RP,556500,1,(2019)
James McCann,Chicago White Sox,C,2500000,1,(2019)
James Paxton,NY Yankees,SP,8575000,1,(2019)
Jameson Taillon,Pittsburgh Pirates,SP,587500,1,(2019)
Jared Hughes,Cincinnati Reds,RP,2250000,2,(2018-19)
Jarrod Dyson,Arizona Diamondbacks,OF,3750000,2,(2018-19)
Jason Castro,Minnesota Twins,C,8000000,3,(2017-19)
Jason Heyward,Chicago Cubs,RF,20000000,8,(2016-23)
Jason Kipnis,Cleveland Indians,2B,14666667,6,(2014-19)
Jason Vargas,NY Mets,SP,9000000,2,(2018-19)
Javier Baez,Chicago Cubs,SS,5200000,1,(2019)
Javy Guerra,Toronto Blue Jays,RP,555000,1,(2019)
Jay Bruce,Seattle Mariners,RF,14000000,3,(2018-20)
JC Ramirez,LA Angels,SP,1901000,1,(2019)
Jean Segura,Philadelphia Phillies,SS,15050000,5,(2018-22)
Jeanmar Gomez,Texas Rangers,RP,1000000,1,(2019)
Jed Lowrie,NY Mets,2B,8500000,2,(2019-20)
Jedd Gyorko,St. Louis Cardinals,3B,13166666,6,(2014-19)
Jeff Mathis,Texas Rangers,C,3250000,2,(2019-20)
Jeff McNeil,NY Mets,3B,567714,1,(2019)
Jeff Samardzija,San Francisco Giants,SP,19800000,5,(2016-20)
Jeffrey Springs,Texas Rangers,RP,557000,1,(2019)
Jeremy Hellickson,Washington Nationals,RP,1300000,1,(2019)
Jeremy Jeffress,Milwaukee Brewers,RP,3175000,1,(2019)
Jesse Biddle,Atlanta Braves,RP,575000,1,(2019)
Jesse Chavez,Texas Rangers,RP,4000000,2,(2019-20)
Jesse Hahn,Kansas City Royals,SP,800000,1,(2019)
Jesse Winker,Cincinnati Reds,LF,580000,1,(2019)
Jesus Aguilar,Milwaukee Brewers,1B,637500,1,(2019)
Jesus Sucre,Baltimore Orioles,C,850000,1,(2019)
Jeurys Familia,NY Mets,RP,6666666,3,(2019-21)
Jharel Cotton,Oakland Athletics,SP,565000,1,(2019)
Jhoulys Chacin,Milwaukee Brewers,SP,6750000,2,(2018-19)
Ji-Man Choi,Tampa Bay Rays,1B,850000,1,(2019)
Jimmy Nelson,Milwaukee Brewers,SP,3700000,1,(2019)
Jimmy Yacabonis,Baltimore Orioles,RP,559000,1,(2019)
Joakim Soria,Oakland Athletics,RP,6500000,2,(2019-20)
Joc Pederson,LA Dodgers,LF,5000000,1,(2019)
Joe Biagini,Toronto Blue Jays,RP,900000,1,(2019)
Joe Jimenez,Detroit Tigers,RP,569200,1,(2019)
Joe Kelly,LA Dodgers,RP,4666666,3,(2019-21)
Joe Musgrove,Pittsburgh Pirates,SP,582500,1,(2019)
Joe Panik,San Francisco Giants,2B,3850000,1,(2019)
Joe Smith,Houston Astros,RP,8000000,2,(2018-19)
Joey Gallo,Texas Rangers,LF,605500,1,(2019)
Joey Lucchesi,San Diego Padres,SP,565100,1,(2019)
Joey Rickard,Baltimore Orioles,RF,570000,1,(2019)
Joey Votto,Cincinnati Reds,1B,25000000,10,(2014-23)
Joey Wendle,Tampa Bay Rays,3B,570400,1,(2019)
Johan Camargo,Atlanta Braves,3B,575000,0,(2019)
John Brebbia,St. Louis Cardinals,RP,569300,1,(2019)
John Gant,St. Louis Cardinals,SP,571300,1,(2019)
John Hicks,Detroit Tigers,C,567100,1,(2019)
John Means,Baltimore Orioles,RP,555500,1,(2019)
John Ryan Murphy,Arizona Diamondbacks,C,900000,1,(2019)
Johnny Cueto,San Francisco Giants,SP,22666666,6,(2016-21)
Jon Edwards,Cleveland Indians,RP,555900,1,(2019)
Jon Gray,Colorado Rockies,SP,2925000,1,(2019)
Jon Jay,Chicago White Sox,RF,4000000,1,(2019)
Jon Lester,Chicago Cubs,SP,27500000,6,(2015-20)
Jonathan Davis,Toronto Blue Jays,OF,556500,1,(2019)
Jonathan Holder,NY Yankees,RP,580300,1,(2019)
Jonathan Lucroy,LA Angels,C,3350000,1,(2019)
Jonathan Schoop,Minnesota Twins,2B,7500000,1,(2019)
Jonathan Villar,Baltimore Orioles,2B,4825000,1,(2019)
Jonny Venters,Atlanta Braves,RP,2250000,1,(2019)
Jordan Hicks,St. Louis Cardinals,RP,555000,1,(2019)
Jordan Luplow,Cleveland Indians,OF,564500,1,(2019)
Jordan Lyles,Pittsburgh Pirates,SP,2050000,1,(2019)
Jordan Montgomery,NY Yankees,SP,596600,1,(2019)
Jordan Zimmermann,Detroit Tigers,SP,25000000,5,(2016-20)
Jordy Mercer,Detroit Tigers,SS,5250000,1,(2019)
Jorge Alfaro,Miami Marlins,C,570000,1,(2019)
Jorge Lopez,Kansas City Royals,SP,562250,1,(2019)
Jorge Polanco,Minnesota Twins,SS,4158333,5,(2019-23)
Jorge Soler,Kansas City Royals,RF,4666666,9,(2012-20)
Jose Abreu,Chicago White Sox,1B,16000000,1,(2019)
Jose Altuve,Houston Astros,2B,9500000,7,(2018-24)
Jose Alvarado,Tampa Bay Rays,RP,570600,1,(2019)
Jose Alvarez,Philadelphia Phillies,RP,1925000,1,(2019)
Jose Berrios,Minnesota Twins,SP,620000,1,(2019)
Jose Castillo,San Diego Padres,RP,560300,1,(2019)
Jose De Leon,Tampa Bay Rays,RP,558000,1,(2019)
Jose Iglesias,Cincinnati Reds,SS,2500000,1,(2019)
Jose Leclerc,Texas Rangers,RP,1687500,4,(2019-22)
Jose Martinez,St. Louis Cardinals,LF,1125000,2,(2019-20)
Jose Osuna,Pittsburgh Pirates,1B,573500,1,(2019)
Jose Peraza,Cincinnati Reds,2B,2775000,1,(2019)
Jose Quintana,Chicago Cubs,SP,10500000,1,(2019)
Jose Ramirez,Cleveland Indians,3B,4150000,5,(2017-21)
Jose Rondon,Chicago White Sox,SS,560000,1,(2019)
Jose Urena,Miami Marlins,SP,3200000,1,(2019)
Josh Bell,Pittsburgh Pirates,1B,587000,1,(2019)
Josh Donaldson,Atlanta Braves,3B,23000000,1,(2019)
Josh Hader,Milwaukee Brewers,RP,687600,1,(2019)
Josh Harrison,Detroit Tigers,2B,2000000,1,(2019)
Josh James,Houston Astros,RP,566800,1,(2019)
Josh Phegley,Oakland Athletics,C,1075000,1,(2019)
Josh Reddick,Houston Astros,RF,13000000,4,(2017-20)
Josh Tomlin,Atlanta Braves,RP,1250000,1,(2019)
JT Riddle,Miami Marlins,SS,560000,1,(2019)
Juan Lagares,NY Mets,CF,9100000,5,(2015-19)
Juan Nicasio,Philadelphia Phillies,RP,9250000,2,(2018-19)
Juan Soto,Washington Nationals,LF,578300,1,(2019)
Julian Fernandez,Miami Marlins,RP,555000,1,(2019)
Julio Teheran,Atlanta Braves,SP,11166666,6,(2014-19)
Julio Urias,LA Dodgers,SP,565000,1,(2019)
Jung-ho Kang,Pittsburgh Pirates,3B,3000000,1,(2019)
Junior Guerra,Milwaukee Brewers,SP,2225000,1,(2019)
Jurickson Profar,Oakland Athletics,2B,3600000,1,(2019)
Justin Anderson,LA Angels,RP,561500,1,(2019)
Justin Bour,LA Angels,1B,2500000,1,(2019)
Justin Miller,Washington Nationals,RP,593200,1,(2019)
Justin Smoak,Toronto Blue Jays,1B,8000000,1,(2019)
Justin Turner,LA Dodgers,3B,19000000,4,(2017-20)
Justin Upton,LA Angels,LF,19700000,5,(2018-22)
Justin Verlander,Houston Astros,SP,28000000,7,(2013-19)
Justin Williams,St. Louis Cardinals,OF,555100,0,(2019)
Justin Wilson,NY Mets,RP,5000000,2,(2019-20)
Kelvin Herrera,Chicago White Sox,RP,9000000,2,(2019-20)
Ken Giles,Toronto Blue Jays,RP,6300000,1,(2019)
Kendall Graveman,Chicago Cubs,SP,575000,1,(2019)
Kendrys Morales,Oakland Athletics,DH,12000000,3,(2017-19)
Kenley Jansen,LA Dodgers,RP,18800000,5,(2017-21)
Kenta Maeda,LA Dodgers,SP,3125000,8,(2016-23)
Keon Broxton,NY Mets,CF,571765,1,(2019)
Keone Kela,Pittsburgh Pirates,RP,3175000,1,(2019)
Ketel Marte,Arizona Diamondbacks,CF,2600000,5,(2018-22)
Kevan Smith,LA Angels,C,572500,1,(2019)
Kevin Gausman,Atlanta Braves,SP,9350000,1,(2019)
Kevin Kiermaier,Tampa Bay Rays,CF,8583333,6,(2017-22)
Kevin McCarthy,Kansas City Royals,RP,578250,1,(2019)
Kevin Newman,Pittsburgh Pirates,SS,557500,1,(2019)
Kevin Pillar,Toronto Blue Jays,CF,5800000,1,(2019)
Kevin Plawecki,Cleveland Indians,C,1137500,1,(2019)
Keynan Middleton,LA Angels,RP,563500,1,(2019)
Khris Davis,Oakland Athletics,DH,16500000,1,(2019)
Kike Hernandez,LA Dodgers,2B,3725000,1,(2019)
Kirby Yates,San Diego Padres,RP,3062500,1,(2019)
Koda Glover,Washington Nationals,RP,564300,1,(2019)
Kole Calhoun,LA Angels,RF,10833333,3,(2017-19)
Kolten Wong,St. Louis Cardinals,2B,6700000,5,(2016-20)
Kris Bryant,Chicago Cubs,3B,12900000,1,(2019)
Kurt Suzuki,Washington Nationals,C,4000000,2,(2019-20)
Kyle Barraclough,Washington Nationals,RP,1725000,1,(2019)
Kyle Bird,Texas Rangers,RP,555000,1,(2019)
Kyle Crick,Pittsburgh Pirates,RP,581500,1,(2019)
Kyle Dowdy,Texas Rangers,RP,555000,1,(2019)
Kyle Farmer,Cincinnati Reds,C,557500,1,(2019)
Kyle Freeland,Colorado Rockies,SP,565000,1,(2019)
Kyle Gibson,Minnesota Twins,SP,8125000,1,(2019)
Kyle Hendricks,Chicago Cubs,SP,7405000,1,(2019)
Kyle Schwarber,Chicago Cubs,LF,3390000,1,(2019)
Kyle Seager,Seattle Mariners,3B,19500000,7,(2015-21)
Kyle Wright,Atlanta Braves,SP,565000,1,(2019)
Kyle Zimmer,Kansas City Royals,RP,555000,1,(2019)
Lance Lynn,Texas Rangers,SP,9333333,3,(2019-21)
Lance McCullers Jr.,Houston Astros,SP,4100000,1,(2019)
Leonys Martin,Cleveland Indians,CF,3000000,1,(2019)
Leury Garcia,Chicago White Sox,OF,1550000,1,(2019)
Lewis Brinson,Miami Marlins,CF,570000,1,(2019)
Liam Hendriks,Oakland Athletics,RP,2150000,1,(2019)
Logan Forsythe,Texas Rangers,2B,2000000,1,(2019)
Lonnie Chisenhall,Pittsburgh Pirates,RF,2750000,1,(2019)
Lorenzo Cain,Milwaukee Brewers,CF,15000000,5,(2018-22)
Lou Trivino,Oakland Athletics,RP,557500,1,(2019)
Lourdes Gurriel Jr.,Toronto Blue Jays,2B,1928571,7,(2017-23)
Lucas Duda,Kansas City Royals,1B,1250000,1,(2019)
Lucas Giolito,Chicago White Sox,SP,573000,1,(2019)
Luis Avilan,NY Mets,RP,1600000,1,(2019)
Luis Cessa,NY Yankees,SP,578975,1,(2019)
Luis Garcia,LA Angels,RP,1675000,1,(2019)
Luis Guillorme,NY Mets,2B,555960,1,(2019)
Luis Severino,NY Yankees,SP,5187500,4,(2019-22)
Luke Bard,LA Angels,RP,575000,1,(2019)
Luke Farrell,Texas Rangers,RP,558000,1,(2019)
Luke Gregerson,St. Louis Cardinals,RP,5500000,2,(2018-19)
Luke Jackson,Atlanta Braves,RP,585000,1,(2019)
Luke Maile,Toronto Blue Jays,C,579000,1,(2019)
Luke Voit,NY Yankees,1B,573200,1,(2019)
Luke Weaver,Arizona Diamondbacks,SP,581300,1,(2019)
Madison Bumgarner,San Francisco Giants,SP,12000000,1,(2019)
Maikel Franco,Philadelphia Phillies,3B,5200000,1,(2019)
Mallex Smith,Seattle Mariners,CF,578400,1,(2019)
Manny Banuelos,Chicago White Sox,RP,559000,1,(2019)
Manny Machado,San Diego Padres,3B,12000000,10,(2019-28)
Manny Pina,Milwaukee Brewers,C,1750000,1,(2019)
Manuel Margot,San Diego Padres,CF,577100,1,(2019)
Marcell Ozuna,St. Louis Cardinals,LF,12250000,1,(2019)
Marco Estrada,Oakland Athletics,SP,4000000,1,(2019)
Marco Gonzales,Seattle Mariners,SP,900000,2,(2019-20)
Marco Hernandez,Boston Red Sox,3B,564000,1,(2019)
Marcus Semien,Oakland Athletics,SS,5900000,1,(2019)
Marcus Stroman,Toronto Blue Jays,SP,7400000,1,(2019)
Mark Canha,Oakland Athletics,OF,2050000,1,(2019)
Mark Melancon,San Francisco Giants,RP,19000000,4,(2017-20)
Mark Reynolds,Colorado Rockies,1B,1000000,1,(2019)
Mark Trumbo,Baltimore Orioles,DH,13274428,3,(2017-19)
Mark Zagunis,Chicago Cubs,RF,556500,1,(2019)
Martin Maldonado,Kansas City Royals,C,2500000,1,(2019)
Martin Perez,Minnesota Twins,RP,4000000,1,(2019)
Martin Prado,Miami Marlins,3B,15000000,3,(2017-19)
Marwin Gonzalez,Minnesota Twins,3B,12000000,2,(2019-20)
Masahiro Tanaka,NY Yankees,SP,22000000,7,(2014-20)
Matt Adams,Washington Nationals,1B,4000000,1,(2019)
Matt Albers,Milwaukee Brewers,RP,2500000,2,(2018-19)
Matt Andriese,Arizona Diamondbacks,RP,920000,1,(2019)
Matt Barnes,Boston Red Sox,RP,1600000,1,(2019)
Matt Boyd,Detroit Tigers,SP,2600000,1,(2019)
Matt Carpenter,St. Louis Cardinals,3B,15333333,6,(2014-19)
Matt Chapman,Oakland Athletics,3B,580000,1,(2019)
Matt Duffy,Tampa Bay Rays,3B,2675000,1,(2019)
Matt Festa,Seattle Mariners,RP,555500,1,(2019)
Matt Grace,Washington Nationals,RP,576400,1,(2019)
Matt Harvey,LA Angels,SP,11000000,1,(2019)
Matt Joyce,Atlanta Braves,OF,1250000,1,(2019)
Matt Kemp,Cincinnati Reds,OF,21500000,8,(2012-19)
Matt Koch,Arizona Diamondbacks,RP,567600,1,(2019)
Matt Magill,Minnesota Twins,RP,560000,1,(2019)
Matt Moore,Detroit Tigers,SP,2500000,1,(2019)
Matt Olson,Oakland Athletics,1B,575000,1,(2019)
Matt Shoemaker,Toronto Blue Jays,SP,3500000,1,(2019)
Matt Strahm,San Diego Padres,SP,581700,1,(2019)
Matt Wieters,St. Louis Cardinals,C,1500000,1,(2019)
Max Fried,Atlanta Braves,RP,565000,1,(2019)
Max Kepler,Minnesota Twins,RF,6200000,5,(2019-23)
Max Moroff,Cleveland Indians,2B,570500,1,(2019)
Max Muncy,LA Dodgers,1B,575000,1,(2019)
Max Scherzer,Washington Nationals,SP,42142857,7,(2015-21)
Max Stassi,Houston Astros,C,590100,1,(2019)
Melky Cabrera,Pittsburgh Pirates,LF,1150000,1,(2019)
Merrill Kelly,Arizona Diamondbacks,SP,2250000,2,(2019-20)
Michael A. Taylor,Washington Nationals,CF,3250000,1,(2019)
Michael Brantley,Houston Astros,LF,16000000,2,(2019-20)
Michael Conforto,NY Mets,RF,4025000,1,(2019)
Michael Fulmer,Detroit Tigers,SP,2800000,1,(2019)
Michael Hermosillo,LA Angels,OF,556500,1,(2019)
Michael Kopech,Chicago White Sox,SP,555000,1,(2019)
Michael Lorenzen,Cincinnati Reds,RP,1950000,1,(2019)
Michael Perez,Tampa Bay Rays,C,556700,1,(2019)
Michael Pineda,Minnesota Twins,SP,8000000,2,(2018-19)
Michael Reed,San Francisco Giants,RF,557500,1,(2019)
Michael Wacha,St. Louis Cardinals,SP,6350000,1,(2019)
Miguel Andujar,NY Yankees,3B,617600,1,(2019)
Miguel Cabrera,Detroit Tigers,DH,30000000,10,(2014-23)
Miguel Castro,Baltimore Orioles,RP,569000,1,(2019)
Miguel Diaz,San Diego Padres,RP,560400,1,(2019)
Miguel Rojas,Miami Marlins,SS,3155000,1,(2019)
Miguel Sano,Minnesota Twins,3B,2650000,1,(2019)
Mike Clevinger,Cleveland Indians,SP,592200,1,(2019)
Mike Dunn,Colorado Rockies,RP,7333333,3,(2017-19)
Mike Fiers,Oakland Athletics,SP,6000000,2,(2019-20)
Mike Foltynewicz,Atlanta Braves,SP,5475000,1,(2019)
Mike Leake,Seattle Mariners,SP,17000000,5,(2016-20)
Mike Mayers,St. Louis Cardinals,RP,563700,1,(2019)
Mike Minor,Texas Rangers,SP,9833333,3,(2018-20)
Mike Montgomery,Chicago Cubs,RP,2440000,1,(2019)
Mike Moustakas,Milwaukee Brewers,2B,10000000,1,(2019)
Mike Tauchman,NY Yankees,OF,557000,1,(2019)
Mike Trout,LA Angels,CF,34083333,6,(2015-20)
Mike Wright,Baltimore Orioles,SP,567500,1,(2019)
Mike Zunino,Tampa Bay Rays,C,4412500,1,(2019)
Mikie Mahtook,Detroit Tigers,CF,574500,1,(2019)
Miles Mikolas,St. Louis Cardinals,SP,8000000,2,(2018-19)
Mitch Garver,Minnesota Twins,C,575000,1,(2019)
Mitch Haniger,Seattle Mariners,LF,590100,1,(2019)
Mitch Moreland,Boston Red Sox,1B,6500000,2,(2018-19)
Mookie Betts,Boston Red Sox,RF,20000000,1,(2019)
Mychal Givens,Baltimore Orioles,RP,2150000,1,(2019)
Nate Jones,Chicago White Sox,RP,4650000,1,(2019)
Nate Karns,Baltimore Orioles,RP,800000,1,(2019)
Nathan Eovaldi,Boston Red Sox,SP,17000000,4,(2019-22)
Neil Ramirez,Cleveland Indians,RP,1000000,1,(2019)
Neil Walker,Miami Marlins,1B,2000000,1,(2019)
Nelson Cruz,Minnesota Twins,DH,14300000,1,(2019)
Nick Ahmed,Arizona Diamondbacks,SS,3662500,1,(2019)
Nick Anderson,Miami Marlins,RP,555000,1,(2019)
Nick Burdi,Pittsburgh Pirates,RP,559000,1,(2019)
Nick Castellanos,Detroit Tigers,RF,9950000,1,(2019)
Nick Hundley,Oakland Athletics,C,1250000,1,(2019)
Nick Kingham,Pittsburgh Pirates,RP,569000,1,(2019)
Nick Markakis,Atlanta Braves,RF,6000000,1,(2019)
Nick Martini,Oakland Athletics,OF,557500,1,(2019)
Nick Pivetta,Philadelphia Phillies,SP,598000,1,(2019)
Nick Rumbelow,Seattle Mariners,RP,559300,1,(2019)
Nick Tropeano,LA Angels,SP,1075000,1,(2019)
Nick Vincent,San Francisco Giants,RP,555000,1,(2019)
Nick Williams,Philadelphia Phillies,RF,575000,1,(2019)
Niko Goodrum,Detroit Tigers,2B,670500,1,(2019)
Noah Syndergaard,NY Mets,SP,6000000,1,(2019)
Noe Ramirez,LA Angels,RP,569000,1,(2019)
Nolan Arenado,Colorado Rockies,3B,26000000,1,(2019)
Nomar Mazara,Texas Rangers,RF,3300000,1,(2019)
Odubel Herrera,Philadelphia Phillies,CF,5550000,5,(2017-21)
Oliver Perez,Cleveland Indians,RP,2500000,1,(2019)
Omar Narvaez,Seattle Mariners,C,581200,1,(2019)
Orlando Arcia,Milwaukee Brewers,SS,565700,1,(2019)
Ozzie Albies,Atlanta Braves,2B,575000,1,(2019)
Pablo Lopez,Miami Marlins,SP,555000,1,(2019)
Pablo Reyes,Pittsburgh Pirates,OF,565500,1,(2019)
Pablo Sandoval,San Francisco Giants,3B,18600000,5,(2015-19)
Pat Neshek,Philadelphia Phillies,RP,8125000,2,(2018-19)
Patrick Corbin,Washington Nationals,SP,12916666,6,(2019-24)
Paul DeJong,St. Louis Cardinals,SS,2000000,6,(2018-23)
Paul Fry,Baltimore Orioles,RP,559000,1,(2019)
Paul Goldschmidt,St. Louis Cardinals,1B,15000000,1,(2019)
Pedro Araujo,Baltimore Orioles,RP,557000,1,(2019)
Pedro Baez,LA Dodgers,RP,2100000,1,(2019)
Pedro Severino,Baltimore Orioles,C,563500,1,(2019)
Pedro Strop,Chicago Cubs,RP,6250000,1,(2019)
Pete Alonso,NY Mets,1B,555000,1,(2019)
Peter Bourjos,LA Angels,OF,1000000,1,(2019)
Phil Maton,San Diego Padres,RP,562900,1,(2019)
Rafael Devers,Boston Red Sox,3B,614500,1,(2019)
Raimel Tapia,Colorado Rockies,OF,560000,1,(2019)
Raisel Iglesias,Cincinnati Reds,RP,6000000,3,(2019-21)
Ramon Laureano,Oakland Athletics,CF,557500,1,(2019)
Randal Grichuk,Toronto Blue Jays,RF,5000000,1,(2019)
Randy Rosario,Chicago Cubs,RP,564000,1,(2019)
Reed Garrett,Detroit Tigers,RP,555000,1,(2019)
Renato Nunez,Baltimore Orioles,3B,562000,1,(2019)
Reyes Moronta,San Francisco Giants,RP,567500,1,(2019)
Reynaldo Lopez,Chicago White Sox,SP,580000,1,(2019)
Rhys Hoskins,Philadelphia Phillies,1B,575000,1,(2019)
Rich Hill,LA Dodgers,SP,18666667,3,(2017-19)
Richard Bleier,Baltimore Orioles,RP,572500,1,(2019)
Richard Rodriguez,Pittsburgh Pirates,RP,650000,1,(2019)
Richard Urena,Toronto Blue Jays,SS,562000,1,(2019)
Richie Martin,Baltimore Orioles,SS,555000,1,(2019)
Rick Porcello,Boston Red Sox,SP,21125000,4,(2016-19)
Riley Ferrell,Miami Marlins,RP,555000,1,(2019)
Rio Ruiz,Baltimore Orioles,3B,558500,1,(2019)
Robbie Erlin,San Diego Padres,SP,1450000,1,(2019)
Robbie Grossman,Oakland Athletics,LF,2000000,1,(2019)
Robbie Ray,Arizona Diamondbacks,SP,6050000,1,(2019)
Robert Gsellman,NY Mets,RP,582500,1,(2019)
Robert Stephenson,Cincinnati Reds,SP,565000,0,(2019)
Robert Stock,San Diego Padres,RP,559900,1,(2019)
Roberto Osuna,Houston Astros,RP,6500000,1,(2019)
Roberto Perez,Cleveland Indians,C,2625000,4,(2017-20)
Robinson Cano,NY Mets,2B,24000000,10,(2014-23)
Robinson Chirinos,Houston Astros,C,5750000,1,(2019)
Roenis Elias,Seattle Mariners,RP,910000,1,(2019)
Roman Quinn,Philadelphia Phillies,OF,559000,1,(2019)
Ronald Acuna Jr.,Atlanta Braves,LF,560000,1,(2019)
Ronald Guzman,Texas Rangers,1B,569500,1,(2019)
Rosell Herrera,Miami Marlins,OF,560000,1,(2019)
Ross Stripling,LA Dodgers,SP,595000,1,(2019)
Rougned Odor,Texas Rangers,2B,8333333,6,(2017-22)
Rowdy Tellez,Toronto Blue Jays,1B,555000,1,(2019)
Russell Martin,LA Dodgers,C,20000000,1,(2019)
Ryan Borucki,Toronto Blue Jays,SP,565200,1,(2019)
Ryan Brasier,Boston Red Sox,RP,577500,1,(2019)
Ryan Braun,Milwaukee Brewers,LF,18158038,13,(2008-20)
Ryan Buchter,Oakland Athletics,RP,1400000,1,(2019)
Ryan Burr,Chicago White Sox,RP,556000,1,(2019)
Ryan Cordell,Chicago White Sox,OF,555000,1,(2019)
Ryan McMahon,Colorado Rockies,2B,560000,1,(2019)
Ryan O'Hearn,Kansas City Royals,1B,557650,1,(2019)
Ryan Pressly,Houston Astros,RP,2900000,1,(2019)
Ryan Tepera,Toronto Blue Jays,RP,1525000,1,(2019)
Ryan Yarbrough,Tampa Bay Rays,SP,563400,1,(2019)
Ryan Zimmerman,Washington Nationals,1B,18333333,6,(2014-19)
Ryne Harper,Minnesota Twins,RP,555000,1,(2019)
Ryne Stanek,Tampa Bay Rays,RP,564200,1,(2019)
Ryon Healy,Seattle Mariners,3B,579800,1,(2019)
Salvador Perez,Kansas City Royals,C,11200000,6,(2016-21)
Sam Dyson,San Francisco Giants,RP,5000000,1,(2019)
Sam Gaviglio,Toronto Blue Jays,RP,579500,1,(2019)
Sam Travis,Boston Red Sox,1B,558500,1,(2019)
Sam Tuivailala,Seattle Mariners,RP,568600,1,(2019)
Sandy Alcantara,Miami Marlins,SP,555000,1,(2019)
Scooter Gennett,Cincinnati Reds,2B,9775000,1,(2019)
Scott Alexander,LA Dodgers,RP,575000,1,(2019)
Scott Barlow,Kansas City Royals,SP,650000,1,(2019)
Scott Heineman,Texas Rangers,OF,555000,1,(2019)
Scott Kingery,Philadelphia Phillies,2B,1666666,6,(2018-23)
Scott Oberg,Colorado Rockies,RP,1300000,1,(2019)
Scott Schebler,Cincinnati Reds,CF,625000,1,(2019)
Sean Doolittle,Washington Nationals,RP,6500000,1,(2019)
Sean Manaea,Oakland Athletics,SP,3150000,1,(2019)
Sean Newcomb,Atlanta Braves,SP,575000,1,(2019)
Seranthony Dominguez,Philadelphia Phillies,RP,564000,1,(2019)
Sergio Romo,Miami Marlins,RP,2500000,1,(2019)
Seth Lugo,NY Mets,RP,591875,1,(2019)
Seunghwan Oh,Colorado Rockies,RP,2500000,1,(2019)
Shane Bieber,Cleveland Indians,SP,559600,1,(2019)
Shane Carle,Atlanta Braves,RP,575000,1,(2019)
Shane Greene,Detroit Tigers,RP,4000000,1,(2019)
Shawn Armstrong,Seattle Mariners,RP,559100,1,(2019)
Shawn Kelley,Texas Rangers,RP,2750000,1,(2019)
Shelby Miller,Texas Rangers,SP,2000000,1,(2019)
Shin-Soo Choo,Texas Rangers,DH,21000000,7,(2014-20)
Shohei Ohtani,LA Angels,SP,650000,1,(2019)
Silvino Bracho,Arizona Diamondbacks,RP,574600,1,(2019)
Socrates Brito,San Diego Padres,RF,561000,1,(2019)
Sonny Gray,Cincinnati Reds,SP,7500000,1,(2019)
Spencer Turnbull,Detroit Tigers,SP,556100,1,(2019)
Starlin Castro,Miami Marlins,2B,12000000,7,(2013-19)
Starling Marte,Pittsburgh Pirates,CF,10666666,6,(2014-19)
Stephen Piscotty,Oakland Athletics,RF,7500000,6,(2017-22)
Stephen Strasburg,Washington Nationals,SP,36428571,7,(2017-23)
Stephen Tarpley,NY Yankees,RP,557250,1,(2019)
Steve Cishek,Chicago Cubs,RP,7500000,2,(2018-19)
Steve Pearce,Boston Red Sox,1B,6250000,1,(2019)
Steven Brault,Pittsburgh Pirates,RP,574500,1,(2019)
Steven Duggar,San Francisco Giants,CF,558125,1,(2019)
Steven Matz,NY Mets,SP,2625000,1,(2019)
Steven Souza Jr.,Arizona Diamondbacks,RF,4125000,1,(2019)
Steven Wright,Boston Red Sox,SP,1375000,1,(2019)
T.J. McFarland,Arizona Diamondbacks,RP,1450000,1,(2019)
Taijuan Walker,Arizona Diamondbacks,SP,5025000,1,(2019)
Tanner Roark,Cincinnati Reds,SP,10000000,1,(2019)
Taylor Cole,LA Angels,RP,557500,1,(2019)
Taylor Rogers,Minnesota Twins,RP,1525000,1,(2019)
Taylor Williams,Milwaukee Brewers,RP,563800,1,(2019)
Tayron Guerrero,Miami Marlins,RP,565000,1,(2019)
Teoscar Hernandez,Toronto Blue Jays,LF,578600,1,(2019)
Terrance Gore,Kansas City Royals,OF,650000,1,(2019)
Thomas Pannone,Toronto Blue Jays,RP,560100,1,(2019)
Tim Anderson,Chicago White Sox,SS,1400000,6,(2017-22)
Tim Beckham,Seattle Mariners,SS,1750000,1,(2019)
Tim Hill,Kansas City Royals,RP,573175,1,(2019)
Tim Mayza,Toronto Blue Jays,RP,568300,1,(2019)
Tim Peterson,NY Mets,RP,555000,1,(2019)
Todd Frazier,NY Mets,3B,9000000,2,(2018-19)
Tomas Nido,NY Mets,C,556300,1,(2019)
Tommy Hunter,Philadelphia Phillies,RP,9000000,2,(2018-19)
Tommy Kahnle,NY Yankees,RP,1387500,1,(2019)
Tommy La Stella,LA Angels,2B,1350000,1,(2019)
Tommy Pham,Tampa Bay Rays,LF,4100000,1,(2019)
Tony Barnette,Chicago Cubs,RP,750000,1,(2019)
Tony Cingrani,LA Dodgers,RP,2650000,1,(2019)
Tony Kemp,Houston Astros,LF,583600,1,(2019)
Tony Sipp,Washington Nationals,RP,1250000,1,(2019)
Tony Watson,San Francisco Giants,RP,6500000,2,(2018-19)
Tony Wolters,Colorado Rockies,C,960000,1,(2019)
Travis Bergen,San Francisco Giants,RP,555000,1,(2019)
Travis d'Arnaud,NY Mets,C,3515000,1,(2019)
Travis Jankowski,San Diego Padres,OF,1165000,1,(2019)
Travis Shaw,Milwaukee Brewers,3B,4675000,1,(2019)
Trea Turner,Washington Nationals,SS,3725000,1,(2019)
Trent Thornton,Toronto Blue Jays,SP,555000,1,(2019)
Trevor Bauer,Cleveland Indians,SP,13000000,1,(2019)
Trevor Cahill,LA Angels,SP,9000000,1,(2019)
Trevor Gott,San Francisco Giants,RP,567500,1,(2019)
Trevor Hildenberger,Minnesota Twins,RP,572500,1,(2019)
Trevor May,Minnesota Twins,RP,900000,1,(2019)
Trevor Oaks,Kansas City Royals,RP,555350,0,(2019)
Trevor Richards,Miami Marlins,SP,570000,1,(2019)
Trevor Rosenthal,Washington Nationals,RP,7000000,1,(2019)
Trevor Story,Colorado Rockies,SS,5000000,1,(2019)
Trevor Williams,Pittsburgh Pirates,SP,584000,1,(2019)
Trey Mancini,Baltimore Orioles,LF,575500,1,(2019)
Trey Wingenter,San Diego Padres,RP,557200,1,(2019)
Troy Tulowitzki,NY Yankees,SS,555000,1,(2019)
Tucker Barnhart,Cincinnati Reds,C,2937500,4,(2018-21)
Ty Buttrey,LA Angels,RP,557250,1,(2019)
Tyler Anderson,Colorado Rockies,SP,2625000,1,(2019)
Tyler Austin,Minnesota Twins,1B,568600,1,(2019)
Tyler Chatwood,Chicago Cubs,RP,12500000,3,(2018-20)
Tyler Flowers,Atlanta Braves,C,6000000,1,(2019)
Tyler Glasnow,Tampa Bay Rays,SP,566700,1,(2019)
Tyler Kinley,Miami Marlins,RP,555000,1,(2019)
Tyler Mahle,Cincinnati Reds,SP,570000,1,(2019)
Tyler Naquin,Cleveland Indians,RF,574800,1,(2019)
Tyler Olson,Cleveland Indians,RP,560900,1,(2019)
Tyler O'Neill,St. Louis Cardinals,OF,564000,1,(2019)
Tyler Skaggs,LA Angels,SP,3700000,1,(2019)
Tyler Thornburg,Boston Red Sox,RP,1750000,1,(2019)
Tyler White,Houston Astros,1B,582900,1,(2019)
Tyson Ross,Detroit Tigers,SP,5750000,1,(2019)
Victor Alcantara,Detroit Tigers,RP,559100,1,(2019)
Victor Caratini,Chicago Cubs,C,569500,1,(2019)
Victor Robles,Washington Nationals,CF,557800,1,(2019)
Vince Velasquez,Philadelphia Phillies,SP,2249000,1,(2019)
Wade Davis,Colorado Rockies,RP,18333333,3,(2018-20)
Wade LeBlanc,Seattle Mariners,SP,2750000,1,(2019)
Wade Miley,Houston Astros,SP,4500000,1,(2019)
Walker Buehler,LA Dodgers,SP,570000,1,(2019)
Wander Suero,Washington Nationals,RP,562500,1,(2019)
Wandy Peralta,Cincinnati Reds,RP,570000,1,(2019)
Wei-Yin Chen,Miami Marlins,RP,19773520,5,(2016-20)
Welington Castillo,Chicago White Sox,C,7500000,2,(2018-19)
Wes Parsons,Atlanta Braves,RP,565000,1,(2019)
Whit Merrifield,Kansas City Royals,2B,1187500,4,(2019-22)
Wil Myers,San Diego Padres,LF,5666666,6,(2017-22)
Will Harris,Houston Astros,RP,4225000,1,(2019)
Will Smith,San Francisco Giants,RP,4225000,1,(2019)
Willians Astudillo,Minnesota Twins,C,560000,1,(2019)
Willson Contreras,Chicago Cubs,C,684000,1,(2019)
Willy Adames,Tampa Bay Rays,SS,562400,1,(2019)
Wilmer Difo,Washington Nationals,2B,581100,1,(2019)
Wilmer Flores,Arizona Diamondbacks,2B,4250000,1,(2019)
Wilmer Font,Tampa Bay Rays,RP,560400,1,(2019)
Wilson Ramos,NY Mets,C,8000000,2,(2019-20)
Wily Peralta,Kansas City Royals,RP,3250000,1,(2019)
Xander Bogaerts,Boston Red Sox,SS,12000000,1,(2019)
Xavier Cedeno,Chicago Cubs,RP,900000,1,(2019)
Yadier Molina,St. Louis Cardinals,C,20000000,3,(2018-20)
Yairo Munoz,St. Louis Cardinals,SS,562000,1,(2019)
Yan Gomes,Washington Nationals,C,7250000,6,(2014-19)
Yandy Diaz,Tampa Bay Rays,3B,558400,1,(2019)
Yangervis Solarte,San Francisco Giants,3B,1750000,1,(2019)
Yasiel Puig,Cincinnati Reds,RF,9700000,1,(2019)
Yasmani Grandal,Milwaukee Brewers,C,18250000,1,(2019)
Yimi Garcia,LA Dodgers,RP,710000,1,(2019)
Yoan Lopez,Arizona Diamondbacks,RP,556900,1,(2019)
Yoan Moncada,Chicago White Sox,3B,575000,1,(2019)
Yoenis Cespedes,NY Mets,OF,29000000,4,(2017-20)
Yohander Mendez,Texas Rangers,SP,558000,1,(2019)
Yolmer Sanchez,Chicago White Sox,2B,4625000,1,(2019)
Yonder Alonso,Chicago White Sox,DH,8500000,2,(2018-19)
Yonny Chirinos,Tampa Bay Rays,SP,561800,1,(2019)
Yoshihisa Hirano,Arizona Diamondbacks,RP,3250000,2,(2018-19)
Yu Darvish,Chicago Cubs,SP,20000000,6,(2018-23)
Yulieski Gurriel,Houston Astros,1B,10000000,5,(2016-20)
Yusei Kikuchi,Seattle Mariners,SP,9500000,4,(2019-22)
Yusmeiro Petit,Oakland Athletics,RP,6000000,2,(2018-19)
Zac Rosscup,Seattle Mariners,RP,610000,1,(2019)
Zach Davies,Milwaukee Brewers,SP,2600000,1,(2019)
Zach Duke,Cincinnati Reds,RP,2000000,1,(2019)
Zach Eflin,Philadelphia Phillies,SP,590000,1,(2019)
Zack Britton,NY Yankees,RP,13000000,3,(2019-21)
Zack Cozart,LA Angels,3B,12666667,3,(2018-20)
Zack Godley,Arizona Diamondbacks,SP,609400,1,(2019)
Zack Greinke,Arizona Diamondbacks,SP,32421884,6,(2016-21)
Zack Wheeler,NY Mets,SP,5975000,1,(2019)